Name,Mean,MeanLB,MeanUB,Stddev,StddevLB,StddevUB
Cod/AddNum,9.624079154036735e-2,9.569669324901042e-2,9.662604254117468e-2,5.226842351169248e-4,2.696603717746966e-4,6.556532060588523e-4
Cod/AddNum5,0.11304708222784636,0.1095394973284177,0.1180268875659749,4.728053880498862e-3,1.782528292703013e-3,6.042133964302015e-3
Cod/NRev,3.865273325759012e-2,3.8277013932383856e-2,3.915723879925079e-2,5.863836530450555e-4,4.06130648231955e-4,7.822426782564425e-4
Cod/PermSort,1.9982386502724694,1.9803664011269575,2.0161108994179813,2.1481156447292447e-2,1.4115176039922517e-2,2.4975390048124945e-2
Cod/PermSortPeano,5.353608568751649,5.304785273503512,5.406167446249128,6.358903284817542e-2,3.0592687686952245e-2,8.036784451315582e-2
Cod/PrimesHO,0.23050351760230114,0.22415049945811916,0.2414306058708462,1.0482349221608012e-2,6.397802080755355e-4,1.2986891981961178e-2
Cod/Queens,4.992171051228979,4.87808267843775,5.084840751333104,0.11896756475866435,5.4400213276840775e-2,0.158938012123266
Cod/ReverseHO,0.31000693356509146,0.3019777221252298,0.3153275792574277,7.80315116984687e-3,3.0556908750440925e-3,1.0276724811890035e-2
Cod/Select,4.451019402850155,4.253491665914528,4.611992792868477,0.19982976303740363,9.830316866039857e-2,0.258241398461232
Cod/SortPrimes,5.624196589587579,5.436716200002593,5.78950202600754,0.22578563142940045,0.10521455816645676,0.3114761066185279
Cod/TakInt,8.283491947774262e-2,8.167137181135331e-2,8.373475037296885e-2,1.1413324886504215e-3,6.673958317454307e-4,1.3796701215117743e-3
Cod/TakPeano,0.17465130666884457,0.17405824175148155,0.17505577791659258,5.751436898342927e-4,2.841415043803863e-4,7.385324171703627e-4
Cod/YesSharingAcrossND,0.4737288407292605,0.4719432956244418,0.4767269964801623,2.841028247518968e-3,2.1284450690744637e-4,3.5683943131648663e-3
Cod/NoSharingAcrossND,0.47255996323201543,0.46923082575085573,0.4755182869384953,3.6457429761547447e-3,1.725006621200009e-3,4.840089878937369e-3
Prog/AddNum,0.42036787072659837,0.4156662584167255,0.42454151262063533,4.898719989172289e-3,4.019684833688235e-3,5.548120730488659e-3
Prog/AddNum5,0.46787215150076616,0.46415985087332956,0.4707775911292629,3.8996318242687108e-3,2.810509756150315e-3,4.717746999871631e-3
Prog/NRev,7.933555266481562e-2,7.826910062249226e-2,8.007961404200614e-2,1.0332194546140631e-3,4.925112534692744e-4,1.3132323587334896e-3
Prog/PermSort,3.2832657144608675,3.243676201418566,3.3417325267546403,5.51689445857687e-2,2.670799153788435e-3,6.884705920983233e-2
Prog/PermSortPeano,9.314660407353282,9.240210638939061,9.35536049118764,7.268646101451873e-2,4.276407943434984e-2,8.864239759048327e-2
Prog/PrimesHO,0.5255595328132282,0.5171580479994493,0.5339610176270071,1.0548513058638964e-2,4.965112290942839e-3,1.3738054856489837e-2
Prog/Queens,11.34409333133135,11.328471519999766,11.358848903662874,1.7101495322839885e-2,1.4800341421755766e-2,1.831922954842984e-2
Prog/ReverseHO,0.946429846460281,0.9425395858743286,0.9499925232521491,4.452913669155415e-3,3.7266972891665004e-3,4.8078456899712085e-3
Prog/Select,13.284971613373878,13.222409751250476,13.36252942662395,8.273420565092302e-2,3.1219320621051566e-2,0.11326111113075125
Prog/SortPrimes,13.050319059061016,12.929712907251087,13.168048413621364,0.1405327571149997,0.11107037127413379,0.16423515869344987
Prog/TakInt,0.17195951441772195,0.16976506575247186,0.17593719066644553,3.8529887774514907e-3,3.0948502171668224e-5,4.6108930319593115e-3
Prog/TakPeano,0.4189635125021596,0.41490832725321525,0.4251310297513555,5.919454995927051e-3,1.2952354991284665e-3,7.869440052195666e-3
Prog/YesSharingAcrossND,1.0781997364811104,1.0629216116249154,1.0987549113815476,2.213576976198051e-2,5.29519458359573e-3,2.9168953957246842e-2
Prog/NoSharingAcrossND,1.0659942893347154,1.052897813958528,1.0838650810886368,1.7689876017598822e-2,5.64091288956331e-3,2.3838613351513716e-2
Name,Mean,MeanLB,MeanUB,Stddev,StddevLB,StddevUB
Cod/AddNum,2.315242316781842e-2,2.2967887215658216e-2,2.3519521499209845e-2,3.8280715899207486e-4,1.663770135474955e-4,5.850533501501594e-4
Cod/AddNum5,2.815254338581456e-2,2.7935585100631072e-2,2.8398838443980723e-2,3.203799227434672e-4,1.8268997181121298e-4,4.540721073139626e-4
Cod/NRev,8.892935785195366e-3,8.85416069265505e-3,8.9726247303345e-3,9.206034045137337e-5,4.525729827387407e-5,1.529054706821742e-4
Cod/PermSort,0.4563563403723189,0.45379483999749937,0.4579854717497559,2.55204762441407e-3,1.0756937242595815e-3,3.5304888131798898e-3
Cod/PermSortPeano,1.1262925069786434,1.1096517741207208,1.1544158801880258,2.7304677829781732e-2,2.045369462579192e-3,3.445942491732198e-2
Cod/PrimesHO,5.2072001261888844e-2,5.1114733003487345e-2,5.383662688022014e-2,1.7381496911216376e-3,3.5329166542316464e-4,2.3983868683807178e-3
Cod/Queens,0.9098878334786301,0.9042745511048148,0.9132375754149203,5.73494894342537e-3,2.7999360047303835e-3,7.735897634531768e-3
Cod/ReverseHO,7.053425347748998e-2,6.980550366279203e-2,7.095156847844919e-2,7.189548980792447e-4,2.11760374440928e-4,9.637477125626669e-4
Cod/Select,0.8500813816247804,0.8447766262509807,0.8567998978705873,7.414158532912485e-3,2.199313370088148e-3,9.988623264855874e-3
Cod/SortPrimes,1.0978678279813419,1.0637177453791082,1.1554846727291685,5.48386365356906e-2,1.0602962502161972e-3,6.71423639755123e-2
Cod/TakInt,1.883401728272157e-2,1.86540167941631e-2,1.9033039736451242e-2,2.9335122157300166e-4,1.9841243946312314e-4,3.970656899724908e-4
Cod/TakPeano,3.598085554864267e-2,3.5126602055168744e-2,3.7327062279789006e-2,1.5530052737058192e-3,1.0668096818408945e-3,2.1228660847466196e-3
Cod/YesSharingAcrossND,9.969339293638768e-2,9.766779143865278e-2,0.10338207649328979,3.570117842319045e-3,6.165912418509834e-5,4.294923801011818e-3
Cod/NoSharingAcrossND,9.786204137647776e-2,9.658511900124722e-2,9.890234212616633e-2,1.310373740952836e-3,9.965930075850338e-4,1.5487155425029631e-3
Prog/AddNum,0.11910421620783988,0.11842927675024839,0.11981181112332706,7.668539699173263e-4,3.058208336976023e-4,1.0642754566145048e-3
Prog/AddNum5,0.1314534057267641,0.13080207112579956,0.13249553416001922,9.875117518329223e-4,6.749210086568489e-5,1.2370923133728663e-3
Prog/NRev,1.9499045536616588e-2,1.9365259848806698e-2,1.9684198230408352e-2,2.5547994923861e-4,1.40906028771281e-4,3.210247857355895e-4
Prog/PermSort,0.7126354150226083,0.7067003416692994,0.721803141313103,8.741369912220583e-3,2.2322388878287473e-3,1.1474225904943578e-2
Prog/PermSortPeano,1.9121948434591711,1.8809553417522693,1.9489793908742286,4.2726449389482446e-2,6.239779365997261e-4,5.2572930074775245e-2
Prog/PrimesHO,0.14085686477180084,0.13862834074825514,0.14375050569105952,2.9976532632522337e-3,1.0687289002816298e-3,4.077826879277023e-3
Prog/Queens,3.2011917057940686,3.1888021156300965,3.2098422940016462,1.2221260630715576e-2,5.992915709902402e-3,1.5627236149736046e-2
Prog/ReverseHO,0.2761130024546219,0.2712389247471947,0.27878309849620564,4.678696101669796e-3,2.1762895683255035e-3,6.118565123445478e-3
Prog/Select,3.6242236988937293,3.441865740369394,3.7524182926872527,0.18431647816747285,7.939630691292293e-2,0.2390634662376546
Prog/SortPrimes,3.7926492793091406,3.7369808254352392,3.862676539367385,7.622039103116247e-2,2.184039425143669e-2,0.10334167231732042
Prog/TakInt,4.8458588882883e-2,4.7622112802976825e-2,4.9505966884753436e-2,1.1321089484935332e-3,3.046909684251758e-4,1.4442972817719426e-3
Name,Mean,MeanLB,MeanUB,Stddev,StddevLB,StddevUB
Cod/AddNum,2.1322418522427937e-2,2.0526490909843334e-2,2.2554657843695515e-2,1.5228104507618739e-3,8.319279920483108e-4,2.2999727509622936e-3
Cod/AddNum5,2.4372262994639102e-2,2.4023407864014912e-2,2.516308513033783e-2,7.59152559947037e-4,1.4420635211681522e-4,1.1197926976840434e-3
Cod/NRev,8.377061918394135e-3,8.313075187538937e-3,8.45137165040561e-3,1.2298976314539074e-4,8.620499796700323e-5,1.777260502326877e-4
Cod/PermSort,0.43137394227233017,0.42728160383558134,0.4343618552720727,4.216286423843254e-3,2.092573584377533e-3,5.450380097051378e-3
Cod/PermSortPeano,1.0410982389366836,1.0188669712515548,1.0814683809367125,3.9275723648560565e-2,2.961012441463552e-3,4.8379901088279505e-2
Cod/PrimesHO,4.853716695914045e-2,4.8227963359095155e-2,4.898012495948933e-2,5.035890494489034e-4,2.0125052214285428e-4,7.324778667205356e-4
Cod/Queens,0.8432718407909002,0.8389868271648689,0.8465565081251043,4.946246602004046e-3,2.538470500439871e-3,6.964641828363744e-3
Cod/ReverseHO,6.479717860318487e-2,6.371910945541458e-2,6.623058251978364e-2,1.5876113534665775e-3,8.652882832705903e-4,2.0053729479618653e-3
Cod/Select,0.796650987771803,0.78916561018832,0.8047383844580812,9.21372820518391e-3,3.906340542622899e-3,1.2776085523580177e-2
Cod/SortPrimes,1.0267185984994285,1.0013945039972896,1.0716737885013572,4.363756007213516e-2,3.2967283508806497e-3,5.518676276029302e-2
Cod/TakInt,1.625424324727075e-2,1.615192861768545e-2,1.63677576862179e-2,1.7607774954957572e-4,1.4450061363016368e-4,2.141517564998126e-4
Cod/TakPeano,3.370854592827948e-2,3.3381200048184144e-2,3.391464180943634e-2,3.97435379502925e-4,2.1516326435774507e-4,6.501839947321385e-4
Cod/YesSharingAcrossND,9.446831633310164e-2,9.287997600040399e-2,9.509509958176447e-2,1.1101184598052295e-3,2.3014883724196272e-4,1.4474939093561373e-3
Cod/NoSharingAcrossND,9.175588941616297e-2,9.15136249986972e-2,9.194083650072571e-2,2.477538985086111e-4,1.4892058607074432e-4,3.0432739123484743e-4
Prog/AddNum,0.12001601539153246,0.11686681076783619,0.1218136879906524,2.993017344916431e-3,1.2044933387605858e-3,3.8661664668292804e-3
Prog/AddNum5,0.12122331785515901,0.11932330706076755,0.12348475792290022,2.527021038084458e-3,8.142317080152353e-4,3.447693182809781e-3
Prog/NRev,1.5428877408886417e-2,1.535167167786173e-2,1.5540456958453876e-2,1.464032776183585e-4,1.0394891696648727e-4,2.051092363384097e-4
Prog/PermSort,0.6693889768945761,0.6626505291842477,0.675361300416019,7.2535537957008e-3,4.062085874465993e-3,9.101997624981904e-3
Prog/PermSortPeano,1.7833154899569006,1.7662026634182744,1.8144130062482873,3.033342174546818e-2,1.5962191423226357e-3,3.7924160892362384e-2
Prog/PrimesHO,0.12659461945956232,0.12503019099858648,0.12918882287613087,2.4589501138811043e-3,6.894388376774002e-4,3.1742587883103308e-3
Prog/Queens,2.8655514898782712,2.8512432062507287,2.876954740007932,1.7774324291236755e-2,8.556628036958183e-3,2.448693757905464e-2
Prog/ReverseHO,0.2476162521891941,0.24447208262972708,0.25026368212699407,3.17710240655343e-3,2.1179580152709938e-3,3.8436454719088207e-3
Prog/Select,3.061913170730501,3.0405703324164883,3.09378189566875,3.0657536727576255e-2,1.0390159088757914e-2,4.09622804902589e-2
Prog/SortPrimes,3.014043369043975,3.0034028217505693,3.031332125170593,1.7604062774562123e-2,7.84967025356309e-3,2.4495345241257783e-2
Prog/TakInt,3.9813776341705104e-2,3.866768189121406e-2,4.234215659344045e-2,2.2435967124066047e-3,4.473407423740397e-4,3.1407006656140133e-3
Prog/TakPeano,9.644439779034049e-2,9.462166037428688e-2,9.822765049830195e-2,2.1379412700528026e-3,1.4220512626203921e-3,2.508849806286319e-3
Prog/YesSharingAcrossND,0.2415198298725348,0.23880940949978444,0.24361232137016486,2.952365706319155e-3,1.8585589981133382e-3,3.573124685294112e-3
Prog/NoSharingAcrossND,0.23895732081321816,0.23722802281281474,0.23985015206289972,1.635685700141924e-3,1.3016823458857204e-4,2.0619054493782596e-3
Name,Mean,MeanLB,MeanUB,Stddev,StddevLB,StddevUB
Cod/AddNum,6.352622478172028e-2,6.242296064796392e-2,6.614828724850667e-2,2.0484710545724916e-3,3.661298934724722e-4,2.734411207994772e-3
Cod/AddNum5,8.983482410349097e-2,8.885259393809974e-2,9.142262006298552e-2,1.529454615032993e-3,2.5110958085861057e-4,1.978407033369561e-3
Cod/NRev,0.6850688917729713,0.6521200806255365,0.737640074437877,4.964432628363764e-2,2.076571201654276e-3,6.174225852722783e-2
Cod/PermSort,0.4508536423766903,0.44697690824978054,0.4542620362526577,3.998011757021988e-3,2.2132850422220507e-3,5.6080941513893656e-3
Cod/PermSortPeano,1.1244932711078945,1.0963548030049424,1.173049355814328,4.708694921355754e-2,3.953664240813448e-3,5.903949427983569e-2
Cod/PrimesHO,0.3664313541473045,0.3637086947528587,0.368280162125302,2.838049767139084e-3,1.4802508740103804e-3,3.998479509167898e-3
Cod/Queens,0.19992628695793732,0.198313087625138,0.2013274469991302,1.7187776955698544e-3,6.58233578978928e-4,2.1918789275858787e-3
Cod/ReverseHO,0.19572915822664072,0.1935614774329224,0.1969972361030159,2.150794907750104e-3,7.496627143762937e-4,2.928500413114461e-3
Cod/Select,0.22146934324822118,0.219353645998126,0.2233925354994426,2.3038423831798433e-3,7.447281572241678e-4,2.8153608323444584e-3
Cod/SortPrimes,0.6409835054764699,0.6370892763297888,0.6448777346231509,5.055010326653484e-3,2.1455339156091213e-3,6.515887817024716e-3
Cod/TakInt,0.20873824489444814,0.20285507499647792,0.21100536643734813,4.0629308473965646e-3,1.6005470934032928e-4,5.0508776732702135e-3
Cod/TakPeano,0.9731245303337346,0.9652531628762517,0.9774030736662098,7.54304089657627e-3,1.3714384149352554e-3,9.880872578976229e-3
Cod/YesSharingAcrossND,0.20296871470782207,0.2017221719997906,0.2048877933757467,1.8421110065922736e-3,3.8267116542556323e-4,2.4368964714142557e-3
Cod/NoSharingAcrossND,0.20622927451889458,0.20443716906265763,0.20752490782918662,1.724022104728344e-3,8.61812997754896e-4,2.1416892409156034e-3
Prog/AddNum,1.2234675715623478,1.198108354313869,1.244293042620484,2.6209992516931915e-2,2.0305501754288913e-2,3.0827205253618116e-2
Prog/AddNum5,1.3388626351870698,1.3264333662518766,1.3477103863124285,1.2033871540423817e-2,1.586257303587725e-3,1.5145212182922014e-2
Prog/NRev,1.523950866205875,1.492417915957655,1.5496436229950632,3.248523799766271e-2,1.4234087330502576e-2,4.289877188997721e-2
Prog/PermSort,0.7289859947510801,0.7230533108759118,0.7342317092491915,6.305419218897546e-3,3.7349249954179986e-3,7.80173880729093e-3
Prog/PermSortPeano,1.9285279381653406,1.918718924544616,1.9360335077453783,9.48499232240896e-3,4.606888081373994e-3,1.1920064581878892e-2
Prog/PrimesHO,1.392780645000433,1.3794355674999679,1.4044464235048508,1.4646102962869462e-2,1.2012504597140122e-2,1.6455456081541968e-2
Prog/Queens,0.5949676442090398,0.5851696322524731,0.6030300982492918,1.0083817984890229e-2,5.4375070644776735e-3,1.3181932977396223e-2
Prog/ReverseHO,0.9333194471043195,0.9164934793522358,0.943862796046839,1.6360088488669204e-2,7.446850164948671e-3,2.1068909814887023e-2
Prog/Select,0.6876716154771808,0.6841819558297477,0.6911612751246139,4.5493018950030235e-3,2.0012326240248512e-3,6.1307642010070135e-3
Prog/SortPrimes,2.035242454061214,2.0229107938093875,2.0467154112490484,1.3397005914759175e-2,1.1458943144262039e-2,1.4326825111322413e-2
Prog/TakInt,0.6513252665423958,0.6463363695038424,0.6544550094570998,5.150124763454203e-3,2.5411775817095195e-3,7.227831657194836e-3
Prog/TakPeano,4.163236271225894,4.139627439120886,4.182156286707444,2.318443975271988e-2,1.3456054837055031e-2,2.8156190360572174e-2
Prog/YesSharingAcrossND,0.6364147659563363,0.6326051008763898,0.6439128872443689,7.106815741050093e-3,1.7326628343046768e-3,8.704738004655379e-3
Prog/NoSharingAcrossND,0.6362140183546217,0.6344670491253055,0.6391717791248084,2.856727760755e-3,5.22946125784074e-4,3.7172510402247463e-3
Name,Mean,MeanLB,MeanUB,Stddev,StddevLB,StddevUB
Cod/AddNum,6.1944642093391546e-2,6.0526241105496106e-2,6.327805274156464e-2,1.7969723780900534e-3,1.450738205966889e-3,2.053026131751676e-3
Cod/AddNum5,8.403499760758375e-2,8.25030504596119e-2,8.55669447555556e-2,1.9171377807855844e-3,7.867219666182665e-4,2.506395734600207e-3
Cod/NRev,0.6080690835627441,0.5794080984996981,0.6533340629378775,4.282194068806336e-2,2.5568909262120784e-3,5.35459415172983e-2
Cod/PermSort,0.4302301308537911,0.42791195887548383,0.4343360179166969,3.9645285784206475e-3,2.1139237651368603e-4,4.863117447546568e-3
Cod/PermSortPeano,1.05507835377072,1.0411207914985425,1.081636575811899,2.6044493196334506e-2,3.353556652049283e-4,3.0860410972925585e-2
Cod/PrimesHO,0.3370526289202947,0.33205345229210553,0.3413022937565984,5.391975926760656e-3,2.6441715641806873e-3,7.09463772611334e-3
Cod/Queens,0.18824911405924163,0.1859144404940404,0.1911675993129999,2.934297177887016e-3,1.176789119106403e-3,4.043883544296158e-3
Cod/ReverseHO,0.18366536064362057,0.17992800445730003,0.1872994268705952,4.203389227417036e-3,3.639371328366295e-3,4.440921975558354e-3
Cod/Select,0.20309609685439986,0.20167502000185777,0.20419004670717794,1.5484660776066163e-3,6.542539995280094e-4,2.1492225556843506e-3
Cod/SortPrimes,0.6008210405395099,0.5939293631236069,0.6051066726222416,7.161957531543975e-3,3.062822667440457e-3,9.726145114006213e-3
Cod/TakInt,0.19790973856440056,0.1965938309346408,0.19891017750705942,1.2858469411145563e-3,5.433145039811932e-4,1.6830492211511539e-3
Cod/TakPeano,0.5950706335846311,0.5768805229593758,0.60835009575203,1.879537200556156e-2,9.821296915712707e-3,2.6192351461143785e-2
Cod/YesSharingAcrossND,0.18822650527090445,0.18724695994114882,0.18909190466365544,1.0678536577807306e-3,4.006466697319411e-4,1.3623949822553797e-3
Cod/NoSharingAcrossND,0.19050407573195116,0.18939052918722155,0.19134635975569836,1.1184853988492915e-3,5.425250419648364e-4,1.5191196074977973e-3
Prog/AddNum,0.905196161312233,0.8943197614380551,0.9150885140006721,1.1984380602323192e-2,1.0126257894709e-2,1.3066046126172098e-2
Prog/AddNum5,0.9843600291684803,0.9723002057526173,0.9940533781688524,1.2517753942646084e-2,9.49164323366248e-3,1.4926574353506791e-2
Prog/NRev,1.3300588403732643,1.3224301963728067,1.3386461642476206,8.901719660168967e-3,4.39706085874768e-3,1.248305789025887e-2
Prog/PermSort,0.664045851144086,0.6527329424158477,0.6812739909328229,1.634356482709639e-2,2.51516072461911e-3,2.115092265163714e-2
Prog/PermSortPeano,1.9260204356869508,1.9050542056866107,1.955593392249284,2.9747950014194943e-2,2.079499188795568e-3,3.959825035171081e-2
Prog/PrimesHO,1.221457553251336,1.2069594702479662,1.2347152920022686,1.5616671744482063e-2,1.246674293388193e-2,1.8387310503585483e-2
Prog/Queens,0.4924395602920413,0.4889135428766167,0.4962132817490783,4.123335028825678e-3,2.0345671655377373e-3,5.793672614435577e-3
Prog/ReverseHO,0.8251059808550659,0.819738664000397,0.8334333250631971,7.859634280784119e-3,5.080235880055226e-4,9.869600634401161e-3
Prog/Select,0.5606747450204542,0.5555417892501282,0.5687520793965936,8.437139855526228e-3,1.4942537211623357e-4,1.026890301092389e-2
Prog/SortPrimes,1.6708330580425657,1.6533862197493363,1.6860538455863812,1.9013623536865712e-2,9.150557254542946e-3,2.4584749754509163e-2
Prog/TakInt,0.5808262529614391,0.5737372830905466,0.5863122517512238,6.860993635329058e-3,4.311533455420872e-4,8.401213999244872e-3
Prog/TakPeano,2.1704589282874927,2.1363037589908345,2.183108576789285,2.3120122149641043e-2,2.556741494804931e-3,2.921311187065595e-2
Prog/YesSharingAcrossND,0.5589172283765341,0.5573890432545644,0.5607959883758061,1.8954698627525863e-3,7.850734964449657e-4,2.6226675771509294e-3
Prog/NoSharingAcrossND,0.5469678304983366,0.5433360722454381,0.5530743551265308,5.824452842489456e-3,1.1054958107138864e-4,7.106482066337656e-3
Name,Mean,MeanLB,MeanUB,Stddev,StddevLB,StddevUB
Cod/AddNum,4.709822545800205e-2,4.477781207002004e-2,4.941596747044564e-2,3.01903417483547e-3,1.961458732374991e-3,5.02489204827188e-3
Cod/AddNum5,6.461820449350246e-2,6.415071056078887e-2,6.511730313335042e-2,6.609428885573283e-4,4.028731259279583e-4,9.679391370896566e-4
Cod/NRev,0.5056348929991449,0.48919270412307014,0.5151973713744459,1.6110329154281896e-2,6.195587018126437e-3,2.2083597856400027e-2
Cod/PermSort,0.32987878956358446,0.32319683500099927,0.3323729485635643,4.634335471922114e-3,1.951010896373926e-4,5.760013480160366e-3
Cod/PermSortPeano,0.7752006569580772,0.7674499603754157,0.7880330949983545,1.2378051165004797e-2,1.400379628362496e-3,1.5844904420426707e-2
Cod/PrimesHO,0.2637921398118124,0.2592781551229564,0.2697523355627709,6.465377757861574e-3,1.6149123599669551e-3,8.601331981945818e-3
Cod/Queens,0.1419314102089023,0.1411800427504204,0.1432323333341022,1.248246012655172e-3,5.032250555814244e-6,1.5050820042713897e-3
Cod/ReverseHO,0.14908741952149285,0.14617208614617994,0.1508907770839869,2.978198917163264e-3,9.236545898176152e-5,4.164675896604364e-3
Cod/Select,0.15526860018735533,0.15366064800036838,0.15617407937497774,1.2352603616971728e-3,4.2299581960125016e-4,1.6681187912763451e-3
Cod/SortPrimes,0.4594709587924323,0.45724580991797364,0.4615927297509188,2.594097290518905e-3,1.1817722027643559e-3,3.160266704693604e-3
Cod/TakInt,0.15120032725023216,0.149413182999524,0.15317541049989813,2.3497199489693086e-3,8.744585011299932e-4,3.117495154863108e-3
Cod/TakPeano,0.44562400702094845,0.4425151409171425,0.4487328731247544,3.910802975771384e-3,2.1411182497104164e-3,4.70726833195325e-3
Cod/YesSharingAcrossND,0.1473157625218846,0.1448367268153561,0.14920480941691494,2.6694304300843496e-3,1.1799776229963754e-3,3.7109629237045316e-3
Cod/NoSharingAcrossND,0.14477222912546495,0.1436106192522857,0.14657290349850882,1.722843643399578e-3,3.9999432415903065e-4,2.279236830079e-3
Prog/AddNum,0.5155913615620497,0.49299200950008526,0.5563614544365313,3.953277624967e-2,1.6716790225237976e-3,4.7913087703197924e-2
Prog/AddNum5,0.6979667203521179,0.656014439458583,0.7762806731197998,7.663196915240314e-2,1.2479579193797052e-4,9.050121430751863e-2
Prog/NRev,1.0009084843539615,0.9893528219578609,1.0165065656246952,1.489355268544631e-2,7.241398375299468e-3,1.8325012577635903e-2
Prog/PermSort,0.48776374020856866,0.4812211073343254,0.49041867499954606,4.914578337092241e-3,9.865524953056592e-5,6.017391995259885e-3
Prog/PermSortPeano,1.2012069383548198,1.1919933231041189,1.2116251156257931,1.0789839340093966e-2,5.339574890826834e-3,1.5131712150911093e-2
Prog/PrimesHO,0.8827317597497313,0.8752848429994629,0.8942217250005342,1.1769778094020371e-2,4.147751123373547e-3,1.5995031947364985e-2
Prog/Queens,0.3719216986043345,0.37021957237539027,0.37317221531247924,1.8603318645404052e-3,3.5372961582269026e-4,2.5989998270691517e-3
Prog/ReverseHO,0.5552521837498716,0.5500856934995682,0.5604186740001751,5.974418914316047e-3,5.0641556004808125e-3,6.286376504149549e-3
Prog/Select,0.3889036213966695,0.383572289188578,0.39721798346029874,8.435161219767884e-3,1.273208165609191e-3,1.0842010187626061e-2
Prog/SortPrimes,1.2473701426668715,1.2377992334157473,1.253600293751333,9.519048756267561e-3,4.157664834262165e-3,1.2508680407430974e-2
Prog/TakInt,0.423809468001006,0.4193348275027044,0.43238546499984903,8.408420484320332e-3,2.873541554546735e-4,1.004638542943024e-2
Prog/TakPeano,1.56555831708359,1.552065853250042,1.5779773550002574,1.5184898929806939e-2,3.996735530020343e-3,1.994668334745909e-2
Prog/YesSharingAcrossND,0.4113312413113211,0.4061560424985752,0.4190652455617965,7.298822681889656e-3,3.9231650104434856e-4,9.15696290933681e-3
Prog/NoSharingAcrossND,0.40251947512433617,0.3988587559979351,0.4090692421264066,6.341764291523219e-3,4.302587398650132e-4,7.778148853481899e-3
Name,Mean,MeanLB,MeanUB,Stddev,StddevLB,StddevUB
Cod/AddNum,4.574176106931797e-2,4.503239691661697e-2,4.6604408333223546e-2,1.009163837901631e-3,5.903917949645632e-4,1.526901304341066e-3
Cod/AddNum5,6.632355985248675e-2,6.517549959862663e-2,6.733767831887234e-2,1.3898441957861277e-3,8.369459620714222e-4,2.0845688833751705e-3
Cod/NRev,0.6045405837097254,0.5812007338754483,0.6342123710868085,3.0801107139728168e-2,1.1772522921075577e-2,4.212855141758557e-2
Cod/PermSort,0.3531600905216692,0.343400342685527,0.3590223513556339,9.752821660376205e-3,3.92954766357434e-3,1.353831148219724e-2
Cod/PermSortPeano,0.803479308707665,0.7893606262487083,0.8239258345829512,1.933255933423841e-2,1.5409856835729707e-3,2.4380107277964722e-2
Cod/PrimesHO,0.26333429372986455,0.26287573333441594,0.2640540125626103,6.81213098958174e-4,6.0074833936614664e-5,8.610971406215176e-4
Cod/Queens,0.14528638502148775,0.14339205124997534,0.14597158558414472,1.2727652478920248e-3,5.373066718068753e-5,1.5824029171955466e-3
Cod/ReverseHO,0.1535626510418903,0.15017764433408348,0.15836321512506402,4.587575169590963e-3,1.570382499266998e-3,6.004016618478827e-3
Cod/Select,0.16606505947887248,0.15846245056218322,0.17249562749930192,7.854133003436058e-3,4.217856874674908e-3,9.980399106554802e-3
Cod/SortPrimes,0.5092818002511498,0.4933011840015145,0.5149004415011404,1.070989010196176e-2,5.015779535841296e-4,1.2975696152648302e-2
Cod/TakInt,0.15627139681252325,0.1525861120640002,0.15951780512508168,4.4425437103434e-3,2.3901306661509845e-3,6.132730028390684e-3
Cod/TakPeano,0.4777442527288258,0.4713466885627895,0.4892009563122883,1.1157921835519256e-2,7.754698913640234e-4,1.3744221721809072e-2
Cod/YesSharingAcrossND,0.16205106045951348,0.15367489066678292,0.1762707446287095,1.366245837136682e-2,1.7570063343252257e-3,1.7433885045844113e-2
Cod/NoSharingAcrossND,0.16590965908305103,0.161349194666703,0.1737586432500393,7.7229266694280015e-3,2.221533253690274e-3,1.0303155612991395e-2
Prog/AddNum,0.6259956503545254,0.6112785471896132,0.6442376751647316,1.9996870063292704e-2,5.370268610672907e-3,2.716203808181093e-2
Prog/AddNum5,0.7052162733754509,0.6432938219998807,0.7988966208754391,8.959850740630734e-2,2.4203972145209807e-2,0.11879980373705794
Prog/NRev,1.2454139477714914,1.1891166385012184,1.2969126675629923,6.355368772761127e-2,2.719166416621499e-2,8.29814218618505e-2
Prog/PermSort,0.538989030456681,0.5322873839977547,0.5511310812485135,1.1666329368244901e-2,9.709046412946301e-4,1.4505884907004558e-2
Prog/PermSortPeano,1.38256176877015,1.3399421350623015,1.435011528582739,5.828811760495857e-2,1.6849863290796407e-2,7.896928176245878e-2
Prog/PrimesHO,1.0066897752496213,0.9808593702496182,1.0496474487499654,4.069145721118547e-2,2.3791224743038505e-3,5.079280995551946e-2
Prog/Queens,0.43125647660387284,0.4184448998324418,0.4512241350630575,1.8855504500571007e-2,4.953863526950229e-4,2.330435914934104e-2
Prog/ReverseHO,0.6475778589579022,0.6366373254186328,0.6659565772456517,1.8024781188487625e-2,5.161607083209674e-3,2.4201971140527134e-2
Prog/Select,0.4810281644378544,0.4691186231257234,0.4889936671246081,1.2457467970044357e-2,6.607763125127036e-3,1.756694758400098e-2
Prog/SortPrimes,1.5140338895844252,1.4163029125011235,1.5956628800840917,0.10767222631971896,8.043010835672922e-2,0.12453966095572884
Prog/TakInt,0.483823892665896,0.4825373888324975,0.4862175367497912,2.348794465821793e-3,6.331646432301743e-5,2.9077368737813183e-3
Prog/TakPeano,2.0080776267501883,1.8979483906259702,2.078859185374919,0.10670440841076453,4.9022530764760555e-2,0.13989209955002338
Prog/YesSharingAcrossND,0.48289070447935956,0.457334456062199,0.5029631495426656,2.5808244425237107e-2,1.602593975076161e-2,3.1169462628361247e-2
Prog/NoSharingAcrossND,0.4829215910193246,0.4623060605622413,0.49495629924786044,2.0021863825641445e-2,6.207217257395949e-3,2.6908372746465882e-2
Name,Mean,MeanLB,MeanUB,Stddev,StddevLB,StddevUB
Cod/AddNum,3.1317296853707946e-2,3.0347567101788854e-2,3.2807754194557975e-2,1.7577898840821504e-3,1.2058288107584846e-3,2.4335428875570247e-3
Cod/AddNum5,3.1627304238373365e-2,3.102284723558807e-2,3.264477742644032e-2,1.0998118634520829e-3,6.125953227407578e-4,1.4838939860067008e-3
Cod/NRev,0.11734571876786504,0.1170100879171514,0.11797395780286024,6.190256514822139e-4,1.3226626599676956e-6,7.737835853714892e-4
Cod/PermSort,0.19772158468579923,0.1967625765619232,0.1984558262471789,9.240788752171863e-4,4.495331249927403e-4,1.1212869677067578e-3
Cod/PermSortPeano,0.5069503199996083,0.5060042429968235,0.5081661292524586,1.2070768179168506e-3,4.897813006301227e-4,1.6642208155310987e-3
Cod/PrimesHO,0.1725561836428824,0.1711335323707317,0.1749090881239681,2.3000763688769887e-3,7.252328707535393e-4,3.093803922092944e-3
Cod/Queens,9.247192916639808e-2,9.230524300073739e-2,9.263861533205878e-2,2.0372029994519575e-4,9.322744003148118e-5,2.4652201817777737e-4
Cod/ReverseHO,5.4423746176277446e-2,5.406451481345963e-2,5.4792920081526975e-2,4.969385563676047e-4,2.5209753061130154e-4,7.193962275981212e-4
Cod/Select,0.10782241075078976,0.1065993562509296,0.1087768690000909,1.3866992966061259e-3,7.968887468422901e-4,1.9426964752968416e-3
Cod/SortPrimes,0.3103245758114402,0.30757286949665286,0.3143293265638931,3.794026280691962e-3,4.728585287129164e-4,4.860717114288543e-3
Cod/TakInt,9.982603489667478e-2,9.92935487502109e-2,0.10026183362606389,5.920153104708551e-4,2.2329002510146118e-4,8.050271438726506e-4
Cod/TakPeano,0.2847971206041014,0.2838225720624905,0.2855654097923737,9.654612471426652e-4,5.89918126934208e-4,1.157514351462241e-3
Cod/YesSharingAcrossND,0.10014026973021828,9.978329400109942e-2,0.10073061335515376,5.698743585746858e-4,1.201230006699916e-4,7.510231483144492e-4
Cod/NoSharingAcrossND,9.990867414823394e-2,9.970336039593046e-2,0.10027172108918118,3.4810442924594956e-4,4.7296916212268e-5,4.3752426566014417e-4
Prog/AddNum,0.33852524962579383,0.33461017812563415,0.3439830102500612,5.312004363305322e-3,1.8262608045791079e-3,7.215209533476193e-3
Prog/AddNum5,0.3803610307904819,0.3789540285424664,0.38149402599992754,1.4186434182559642e-3,9.87015362889583e-4,1.6855397520730536e-3
Prog/NRev,0.3431974097111379,0.34170435591659043,0.3456397602567449,2.3314881484000015e-3,3.9319233474088833e-4,2.994040640174351e-3
Prog/PermSort,0.2919565632958741,0.28816779854181124,0.2946670450073725,3.895870199333465e-3,2.1361983112744786e-3,5.442987856945965e-3
Prog/PermSortPeano,0.7599327513529109,0.7567644223690877,0.7633566789399993,4.145761617146521e-3,1.5265694607175528e-3,5.554211788602625e-3
Prog/PrimesHO,0.42060288608324,0.416598968749895,0.4242917794999812,4.51082133635047e-3,3.8684631963194936e-3,4.8586194063401054e-3
Prog/Queens,0.19810645198049315,0.19710241100256098,0.1985116723117244,7.211461574889858e-4,3.589713554263084e-5,8.999191337272518e-4
Prog/ReverseHO,0.2825427760171806,0.2820603584532364,0.28286568162184267,4.686782316500616e-4,1.3847962873114739e-4,6.369990717351613e-4
Prog/Select,0.1886463145004503,0.18691809387473768,0.1900417422511964,1.937803741571481e-3,7.685522237851779e-4,2.6526372552045617e-3
Prog/SortPrimes,0.6652638260435803,0.6617962528374239,0.6698351096247279,4.471605191347228e-3,1.8461647450749297e-3,5.876249870961451e-3
Prog/TakInt,0.24097240726890354,0.23953166368664824,0.24197014668607153,1.4536192477687154e-3,8.26445875451593e-4,1.8771450881751417e-3
Prog/TakPeano,0.8593844243111258,0.8508163874988288,0.8726775663099033,1.2574026880619558e-2,1.1720308669669714e-3,1.5935613656223688e-2
Prog/YesSharingAcrossND,0.21939078341832405,0.2177767429178251,0.2205895582537778,1.5930054896958782e-3,6.332498329963271e-4,1.977633960345465e-3
Prog/NoSharingAcrossND,0.21964978683384592,0.21870467745732944,0.22061633999965125,1.2753774082219552e-3,4.4728451475170984e-4,1.7353520970300165e-3
